titulo,categoria,buscador,fecha,url,imagen,colorTexto,colorFondo,premiado,donde-premiado
Las 12 horas que desencadenaron el caos en Valencia y la alerta que lleg√≥ a las ocho de la tarde,SOCIEDAD,"√öltima hora,Narrativas",2024-10-30,https://www.elcorreo.com/sociedad/horas-desencadenaron-caos-valencia-alerta-llego-ocho-20241030205925-ntrc.html,,,,,
¬øLenguas cooficiales en el Congreso?,POL√çTICA,"√öltima hora,Narrativas",2023-08-22,https://www.elcorreo.com/politica/lenguas-cooficiales-congreso-habla-catalan-sabe-gallego-20230822000304-ntrc.html,https://s3.ppllstatics.com/rc/www/multimedia/2023/08/22/lenguascooficiales-1200X1200.jpg,,,,
Explicaci√≥n visual | C√≥mo funciona el sistema el√©ctrico que colaps√≥ con el apag√≥n,ECONOM√çA,"√öltima hora,Narrativas",2025-05-04,https://www.elcorreo.com/economia/explicacion-visual-apagon-expuso-costuras-sistema-energetico-20250504000408-ntrc.html,https://s1.ppllstatics.com/rc/www/multimedia/2025/05/04/tuberias-840.jpg,,,,
¬´Un misil en el agua¬ª: as√≠ son las narcolanchas que campan en el Mediterr√°neo,SUCESOS,"√öltima hora,Narrativas",2024-02-15,https://www.elcorreo.com/politica/misil-agua-narcolanchas-campan-mediterraneo-20240215124634-ntrc.html,,,#FFF,,
El rastro de los p√©lets del Toconao: del mar a la mesa,SOCIEDAD,"√öltima hora,Narrativas",2024-01-12,https://www.elcorreo.com/antropia/rastro-pelets-toconao-mar-mesa-20240112133921-ntrc.html,https://raw.githubusercontent.com/Saraibelled/images/main/fotolead-pellets-1200x840.jpeg,#fff,#0077C2,,
As√≠ identifica la polic√≠a los cad√°veres de Murcia: el protocolo de Los Rodeos,SUCESOS,"√öltima hora,Narrativas",2023-10-07,https://www.elcorreo.com/sociedad/identifica-policia-cadaveres-murcia-protocolo-tras-catastrofe-20231007170459-ntrc.html,https://s2.ppllstatics.com/rc/www/multimedia/2023/10/07/fotolead-1200x1200-k4rH--1200x1200@RC.jpg,,,,
Los secretos del narcot√∫nel que une Espa√±a con Marruecos,SUCESOS,Narrativas,2025-05-26,https://www.elcorreo.com/politica/secretos-narcotunel-une-espana-marruecos-20250525000431-ntrc.html,https://s3.ppllstatics.com/rc/www/multimedia/2025/05/25/fotolead-tunel-1200x840-U23018644477533cD-1200x840@RC.jpg,,,,
Francisco cre√≥ al 80% de los cardenales que elegir√°n a su sucesor,SOCIEDAD,Narrativas,2025-04-23,https://www.elcorreo.com/sociedad/francisco-creo-cardenales-elegiran-sucesor-20250423003004-ntrc.html,,,,,
La guerra fr√≠a del t√© helado: qu√© ha pasado con Nestea y Fuze Tea,ECONOM√çA,Narrativas,2025-04-15,https://www.elcorreo.com/sociedad/guerra-fria-helado-pasado-nestea-fuze-tea-20250415065258-ntrc.html,https://s3.ppllstatics.com/rc/www/multimedia/2025/04/15/fotolead-1--366x256.jpg,,,,
As√≠ ha cambiado la serpiente multicolor desde 2014,DEPORTES,Narrativas,2024-08-21,https://www.elcorreo.com/deportes/ciclismo/vuelta-espana/todos-maillots-vuelta-espana-serpiente-multicolor-20240821195836-ntrc.html,https://s1.ppllstatics.com/rc/www/multimedia/2024/08/21/foto-cicli-268x188-portada.gif,#fff,#666665,si,"Se llev√≥ el premio regional de los Digital Media Awards Europe 2025 y el jurado dijo esto: ‚ÄúThe fact that this project helped develop a reusable storytelling tool is an added bonus. Ultimately, it‚Äôs not just about this article, but about expanding the possibilities for future data journalism‚Äù ü•π Tambi√©n fue destacado en los European Newspaper Awards."
Caso G√≥mez': el hilo para no perderse en la causa que sacude la pol√≠tica espa√±ola,POL√çTICA,Narrativas,2024-07-29,https://www.elcorreo.com/politica/explicacion-caso-begona-gomez-hilo-perderse-causa-sacude-politica-20240729213940-ntrc.html,https://s2.ppllstatics.com/rc/www/multimedia/2024/07/29/foto-caso-be-1200x840.jpg,,#d7d7d7,,
"El recorrido del encierro de San Ferm√≠n, tramo a tramo",SOCIEDAD,Narrativas,2024-07-05,https://www.elcorreo.com/sociedad/recorrido-encierro-san-fermin-tramo-tramo-20240705071810-ntrc.html,https://s2.ppllstatics.com/rc/www/multimedia/2024/07/05/fotolead-arriba.png,#c90022,#FFF,si,
¬øQu√© IVA le pongo? Del aceite a la peluquer√≠a pasando por la luz,ECONOM√çA,Narrativas,2024-07-01,https://www.elcorreo.com/economia/iva-pongo-aceite-peluqueria-pasando-luz-20240701000542-ntrc.html,https://s2.ppllstatics.com/rc/www/multimedia/2024/07/01/IVA-fotoleads-1200x840.jpg,,#FFF,,
A d√≥nde va tu voto en las elecciones europeas y qu√© pasa con la extrema derecha,POL√çTICA,Narrativas,2024-06-08,https://www.elcorreo.com/elecciones/europeas/voto-elecciones-europeas-pasa-extrema-derecha-20240608000644-ntrc.html,https://s2.ppllstatics.com/rc/www/multimedia/2024/06/08/foto-expli-1200x840.jpg,,#FFF,,
"50 a√±os de 'Waterloo', la canci√≥n perfecta que catapult√≥ a ABBA",CULTURA,Narrativas,2024-04-06,https://www.elcorreo.com/culturas/musica/analisis-waterloo-cancion-perfecta-abba-20240406174631-ntrc.html,https://s3.ppllstatics.com/rc/www/multimedia/2024/04/06/ABBA-fotolead_1920.jpg,,#fde46f,,
¬´Espa√±a tiene que dejar de depender de la lluvia para tener agua¬ª,SOCIEDAD,Narrativas,2024-03-22,https://www.elcorreo.com/antropia/espana-dejar-depender-lluvia-tener-agua-20240322082526-ntrc.html,https://s3.ppllstatics.com/rc/www/multimedia/2024/03/22/diadelagua-1200x840-dentro-kEiC-U2101886677659DnE-1200x840@RC.jpg,,#FFF,,
¬øCasa con jard√≠n en los ochenta y un pisito en 2023? As√≠ renta el Gordo...,SOCIEDAD,Narrativas,2023-12-21,https://www.elcorreo.com/loteria/navidad/casa-jardin-ochenta-pisito-2023-renta-gordo-20231221175641-ntrc.html,https://s2.ppllstatics.com/rc/www/multimedia/2023/12/21/fotolead-1200x840.jpg,,,,
¬øQui√©n da diputados a qui√©n? As√≠ quedan los grupos del Congreso?,POL√çTICA,Narrativas,2023-08-31,https://www.elcorreo.com/politica/diputados-quedan-grupos-congreso-20230831000837-ntrc.html,https://s1.ppllstatics.com/rc/www/multimedia/2023/08/31/fl-congreso-1200x1200.jpg,,,,
Eclipse solar en Espa√±a: comprueba d√≥nde y c√≥mo verlo seg√∫n d√≥nde vivas,SOCIEDAD,Narrativas,2025-03-28,https://www.elcorreo.com/sociedad/donde-ver-eclipse-solar-espana-comprueba-20250328103002-ntrc.html,https://s2.ppllstatics.com/rc/www/multimedia/2025/03/28/foto1200-840--366x256.jpg,,#E9FCFC,,
Radiograf√≠a de la m√∫sica en directo: los datos que explican por qu√© las entradas son m√°s caras que nunca,CULTURA,"Grandes narrativas,Narrativas",2025-05-12,https://www.elcorreo.com/culturas/musica/radiografia-musica-directo-datos-explican-entradas-caras-20250512000355-ntrc.html,https://s2.ppllstatics.com/rc/www/multimedia/2025/05/12/fotolead-952.jpg,,,,
Reconstrucci√≥n visual: as√≠ se inici√≥ el incendio de las discotecas en Murcia,SOCIEDAD,"Grandes narrativas,Narrativas",2024-09-29,https://www.elcorreo.com/sociedad/reconstruccion-visual-inicio-incendio-discotecas-murcia-atalayas-20240929154235-ntrc.html,,,,,
As√≠ nos afecta a todos el calentamiento del mar Mediterr√°neo,SOCIEDAD,"Grandes narrativas,Narrativas",2023-11-28,https://www.laverdad.es/antropia/asi-afecta-calentamiento-mar-mediterraneo-20231128175901-ntrc.html,https://s3.ppllstatics.com/rc/www/multimedia/2023/11/28/fotobueno-1200--268x268.gif,#f2f2f2,#1a5192,si,
Nadie sabe lo que es vivir en la calle... Ellos s√≠ y te lo cuentan,SOCIEDAD,"Grandes narrativas,Narrativas",2023-11-23,https://www.ideal.es/sociedad/historias-personas-sin-techo-sabe-vivir-calle-cuentan-20231122100712-ntrc.html,https://s1.ppllstatics.com/rc/www/multimedia/2023/11/22/1200x840-fuera-sintecho--366x256.gif,,,si,"INMA 2024, SND"
"Y t√∫, ¬øhas sufrido m√°s el calor este verano por el d√≠a o por la noche?",SOCIEDAD,"Grandes narrativas,Narrativas",2023-09-09,https://www.elcorreo.com/sociedad/abanico-dia-ventilador-noche-sufriste-verano-20230909001108-ntrc.html,https://s2.ppllstatics.com/rc/www/multimedia/2023/09/08/fotolead-268x268.gif,,,,
Los 50 mejores personajes de las series del siglo XXI,CULTURA,"Grandes narrativas,Narrativas",2023-07-13,https://www.lasprovincias.es/pantallas/series/mejores-personajes-series-siglo-xxi-20230713001447-ntrc.html,https://s1.ppllstatics.com/rc/www/multimedia/2023/07/13/fl-personajes-1200x840-kNND-U200754743459lMF-758x531@RC.jpg,#f2f2f2,#202020,,
Adivina la edad de los selfis m√°s famosos del Prado,CULTURA,"Gamificaci√≥n,Narrativas",2023-12-12,https://www.elcorreo.com/culturas/arte/adivina-edad-selfis-famosos-prado-20231212104238-ntrc.html,https://s1.ppllstatics.com/rc/www/multimedia/2023/12/12/edades-prado-1200x840-4ok.gif,,,,
Elige un a√±o con 'Cu√©ntame' y recuerda la historia de Espa√±a con un Alc√°ntara,TELEVISI√ìN,"Gamificaci√≥n,Narrativas",2023-11-11,https://www.lasprovincias.es/pantallas/series/elige-ano-cuentame-recuerda-historia-espana-alcantara-20231111001132-ntrc.html,https://s3.ppllstatics.com/rc/www/multimedia/2023/11/11/fotolead-1200x1200-kr3H--1200x1200@RC.jpg,,#f0e5d5,,
¬øAs√≠ que crees que conoces a los Rolling Stones?,CULTURA,"Gamificaci√≥n,Narrativas",2023-10-31,https://www.elcorreo.com/culturas/musica/crees-conoces-rolling-stones-20231031002112-ntrc.html,https://s3.ppllstatics.com/rc/www/multimedia/2023/10/31/rolling-1200x1200.gif,#f2f2f2,#333333,,
Filtros para feas y comas que derrocan dinast√≠as: la revisi√≥n de las cartelas en los museos,CULTURA,"Formato,Narrativas",2025-03-07,https://www.elcorreo.com/culturas/arte/revision-cartelas-mujer-museo-prado-20250307191326-ntrc.html,https://s3.ppllstatics.com/rc/www/multimedia/2025/03/07/foto-366x256.jpg,,,,
"V√≠ctor de Aldama, el centro del universo de la 'trama √Åbalos'",NACIONAL,"Formato,Narrativas",2024-10-29,https://www.elcorreo.com/politica/victor-aldama-centro-universo-trama-abalos-20241029111617-ntrc.html,https://s1.ppllstatics.com/rc/www/multimedia/2024/10/29/universo-aldama-cabecera-1200x952.png,#fff,#03034F,,
Los mapas que cuentan la evoluci√≥n del voto independentista en Catalu√±a,POL√çTICA,"Formato,Narrativas",2024-05-11,https://www.elcorreo.com/elecciones/catalanas/mapas-cuentan-evolucion-voto-independentista-cataluna-20240511000909-ntrc.html,https://s3.ppllstatics.com/rc/www/multimedia/2024/05/11/fotolead-mapas-1200x840.gif,,#FFF,,
C√≥mo 'alcaldesa' dej√≥ de ser la mujer del alcalde y qu√© pasa con 'zorra',SOCIEDAD,"Formato,Narrativas",2024-03-08,https://www.elcorreo.com/sociedad/alcaldesa-dejo-mujer-alcalde-dice-diccionario-20240308000823-ntrc.html,https://s2.ppllstatics.com/rc/www/multimedia/2024/03/08/gif8mfuera.gif,,#FFF,si,
Del aborto a la marihuana: todo lo que los estadounidenses decidir√°n el 5 de noviembre,INTERNACIONAL,"Datajournalism,Narrativas",2024-11-04,https://www.elcorreo.com/elecciones/eeuu/aborto-marihuana-estadounidenses-decidiran-noviembre-20241104000918-ntrc.html,https://s1.ppllstatics.com/rc/www/multimedia/2024/11/04/identidad_fotolead_usa_pendientes840.jpg,,,,
Todos los discursos de Felipe VI: del ¬´feliz Navidad¬ª a Catalu√±a,SOCIEDAD,"Datajournalism,Narrativas",2024-06-19,https://www.elcorreo.com/politica/discursos-rey-felipe-decimo-aniversario-20240619191231-ntrc.html,https://s2.ppllstatics.com/rc/www/multimedia/2024/06/19/fotolead-rey-1200x840.jpg,,#FFF,si,
El discurso de S√°nchez: un 27% de PP y Vox y otro 40% entre econom√≠a y amnist√≠a,POL√çTICA,"Datajournalism,Narrativas",2023-11-15,https://www.elcorreo.com/politica/discurso-sanchez-hablando-pp-vox-economia-amnistia-20231115200128-ntrc.html,https://s3.ppllstatics.com/rc/www/multimedia/2023/11/15/fotolead_investidura_sanchez1200-kOw--1200x1200@RC.jpg,,,,
Radiograf√≠a del discurso de Feij√≥o: un 40% amnist√≠a y un 20% econom√≠a,POL√çTICA,"Datajournalism,Narrativas",2023-09-26,https://www.elcorreo.com/politica/radiografia-discurso-feijoo-hablando-amnistia-economia-20230926202914-ntrc.html,https://s3.ppllstatics.com/rc/www/multimedia/2023/09/26/fotolead-discur-1200x1200-kEkB--1200x1200@RC.jpg,,,,
El pueblo donde ocho de cada diez paisanos votan desde el extranjero,POL√çTICA,"Datajournalism,Narrativas",2023-07-21,https://www.elcorreo.com/elecciones/generales/pueblo-ocho-diez-paisanos-votan-extranjero-20230721000831-ntrc.html,https://s2.ppllstatics.com/rc/www/multimedia/2023/07/21/fl-extranjero-1200x840-kIWG--758x531@RC.jpg,,,,
